{"Generation": 72, "AT Best Score": 3, "AT Best Fitness": 39.03089986991944, "Best Score": 3, "Mean Score": 0.24, "Time": 408.75617933273315, "Alive": 0, "Mean Fitness": 2.643537895126024, "Start Time": 1708414824.2790687, "History": [[2, 1, 0.052], [3, 2, 0.046], [4, 1, 0.058], [5, 2, 0.046], [6, 2, 0.05], [7, 2, 0.064], [8, 1, 0.056], [9, 1, 0.062], [10, 1, 0.048], [11, 2, 0.078], [12, 2, 0.046], [13, 2, 0.066], [14, 2, 0.064], [15, 1, 0.066], [16, 2, 0.088], [17, 2, 0.074], [18, 3, 0.092], [19, 2, 0.09], [20, 2, 0.086], [21, 1, 0.09], [22, 2, 0.098], [23, 2, 0.128], [24, 2, 0.122], [25, 2, 0.112], [26, 2, 0.124], [27, 2, 0.14], [28, 2, 0.158], [29, 2, 0.136], [30, 3, 0.134], [31, 2, 0.088], [32, 2, 0.136], [33, 2, 0.104], [34, 2, 0.096], [35, 2, 0.096], [36, 2, 0.098], [37, 2, 0.102], [38, 2, 0.08], [39, 2, 0.11], [40, 1, 0.068], [41, 2, 0.114], [42, 2, 0.114], [43, 2, 0.096], [44, 2, 0.122], [45, 2, 0.152], [46, 2, 0.14], [47, 2, 0.13], [48, 2, 0.146], [49, 2, 0.16], [50, 3, 0.136], [51, 2, 0.166], [52, 2, 0.238], [53, 3, 0.202], [54, 2, 0.232], [55, 2, 0.188], [56, 2, 0.174], [57, 2, 0.192], [58, 2, 0.164], [59, 2, 0.196], [60, 2, 0.218], [61, 2, 0.238], [62, 3, 0.218], [63, 2, 0.232], [64, 2, 0.198], [65, 2, 0.192], [66, 2, 0.246], [67, 3, 0.234], [68, 2, 0.204], [69, 2, 0.184], [70, 2, 0.202], [71, 2, 0.176], [72, 3, 0.24]]}