{"Generation": 44, "AT Best Score": 4, "AT Best Fitness": 965.1580041580041, "Best Score": 3, "Mean Score": 0.134, "Time": 2199.964792728424, "Alive": 0, "Mean Fitness": 178.3068017266714, "Start Time": 1709647011.0338883, "History": [[2, 1, 0.052, 8.751850782258678], [3, 2, 0.057, 9.467688536804747], [4, 1, 0.048, 9.079073297617416], [5, 2, 0.034, 7.976327738515288], [6, 2, 0.048, 8.60064485980257], [7, 2, 0.07, 10.848964880280594], [8, 2, 0.06, 9.690703890338487], [9, 3, 0.049, 9.079103625290106], [10, 2, 0.054, 11.606346739245518], [11, 2, 0.062, 15.797452837948763], [12, 2, 0.067, 18.11904340801268], [13, 2, 0.086, 30.75157997305555], [14, 2, 0.087, 47.308264970789985], [15, 2, 0.1, 54.298633431785696], [16, 2, 0.094, 64.57326472096341], [17, 3, 0.11, 78.3671420317506], [18, 2, 0.1, 69.17079238474406], [19, 3, 0.117, 69.03160119695676], [20, 3, 0.11, 78.60878070492781], [21, 2, 0.114, 89.09456999567716], [22, 2, 0.101, 82.5685621711539], [23, 2, 0.103, 109.10044644551594], [24, 2, 0.099, 92.11181276600762], [25, 3, 0.105, 114.18150295699225], [26, 2, 0.105, 118.13653028758772], [27, 3, 0.103, 111.0893289164384], [28, 3, 0.108, 110.70727877824308], [29, 2, 0.084, 112.75759618231498], [30, 2, 0.085, 107.73374211077586], [31, 3, 0.13, 148.20320223727077], [32, 3, 0.124, 162.924090918472], [33, 2, 0.131, 149.7274531830084], [34, 2, 0.092, 132.04960913714976], [35, 2, 0.109, 146.95696859515795], [36, 2, 0.12, 137.19393691510936], [37, 2, 0.098, 142.84236865738788], [38, 4, 0.126, 153.8798106200507], [39, 3, 0.148, 154.58597783615488], [40, 3, 0.105, 161.4022782489563], [41, 3, 0.108, 168.85170175258125], [42, 3, 0.118, 163.9854928490321], [43, 2, 0.115, 154.34691331292814], [44, 3, 0.134, 178.3068017266714]]}