{"Generation": 899, "AT Best Score": 36, "AT Best Fitness": 68720338536.8569, "Best Score": 18, "Mean Score": 2.972, "Time": 41066.204055309296, "Alive": 0, "Mean Fitness": 12146.137331007012, "Start Time": 1706843800.8754778, "History": [[851, 27, 2.554], [852, 24, 2.846], [853, 28, 2.338], [854, 22, 1.094], [855, 28, 5.082], [856, 27, 3.41], [857, 32, 5.434], [858, 24, 2.658], [859, 21, 3.806], [860, 31, 4.026], [861, 14, 3.082], [862, 14, 2.73], [863, 21, 2.98], [864, 15, 2.932], [865, 15, 2.702], [866, 15, 2.84], [867, 20, 2.596], [868, 22, 3.504], [869, 17, 1.42], [870, 19, 2.214], [871, 19, 2.7], [872, 21, 2.722], [873, 20, 3.558], [874, 18, 2.078], [875, 14, 2.644], [876, 21, 3.072], [877, 18, 3.478], [878, 18, 3.33], [879, 22, 3.558], [880, 20, 3.956], [881, 21, 4.338], [882, 25, 3.34], [883, 21, 4.03], [884, 27, 4.368], [885, 23, 4.036], [886, 22, 3.08], [887, 22, 4.662], [888, 23, 5.248], [889, 23, 5.432], [890, 21, 5.244], [891, 23, 4.606], [892, 22, 3.868], [893, 21, 3.728], [894, 20, 3.612], [895, 20, 3.596], [896, 20, 2.806], [897, 15, 2.802], [898, 19, 2.864], [899, 18, 2.972]]}