{"Generation": 1050, "AT Best Score": 38, "AT Best Fitness": 274878894621.10004, "Best Score": 21, "Mean Score": 4.214, "Time": 49885.177658081055, "Alive": 0, "Mean Fitness": 52241.50683408608, "Start Time": 1707277761.660888, "History": [[851, 27, 2.554], [852, 24, 2.846], [853, 28, 2.338], [854, 22, 1.094], [855, 28, 5.082], [856, 27, 3.41], [857, 32, 5.434], [858, 24, 2.658], [859, 21, 3.806], [860, 31, 4.026], [861, 14, 3.082], [862, 14, 2.73], [863, 21, 2.98], [864, 15, 2.932], [865, 15, 2.702], [866, 15, 2.84], [867, 20, 2.596], [868, 22, 3.504], [869, 17, 1.42], [870, 19, 2.214], [871, 19, 2.7], [872, 21, 2.722], [873, 20, 3.558], [874, 18, 2.078], [875, 14, 2.644], [876, 21, 3.072], [877, 18, 3.478], [878, 18, 3.33], [879, 22, 3.558], [880, 20, 3.956], [881, 21, 4.338], [882, 25, 3.34], [883, 21, 4.03], [884, 27, 4.368], [885, 23, 4.036], [886, 22, 3.08], [887, 22, 4.662], [888, 23, 5.248], [889, 23, 5.432], [890, 21, 5.244], [891, 23, 4.606], [892, 22, 3.868], [893, 21, 3.728], [894, 20, 3.612], [895, 20, 3.596], [896, 20, 2.806], [897, 15, 2.802], [898, 19, 2.864], [899, 18, 2.972], [900, 23, 3.35], [901, 22, 4.804], [902, 32, 8.994], [903, 34, 9.16], [904, 33, 9.45], [905, 31, 4.538], [906, 32, 2.566], [907, 28, 6.008], [908, 28, 2.214], [909, 30, 3.728], [910, 32, 7.05], [911, 30, 3.51], [912, 31, 6.635], [913, 32, 7.45], [914, 27, 4.19], [915, 11, 1.715], [916, 13, 1.8], [917, 19, 2.105], [918, 29, 7.455], [919, 20, 2.0], [920, 18, 1.58], [921, 22, 1.7], [922, 22, 2.905], [923, 20, 4.955], [924, 17, 2.875], [925, 16, 2.325], [926, 12, 1.6], [927, 13, 1.45], [928, 14, 2.13], [929, 14, 2.11], [930, 13, 1.77], [931, 12, 2.545], [932, 11, 1.32], [933, 12, 2.25], [934, 15, 2.46], [935, 22, 1.78], [936, 20, 1.968], [937, 26, 1.174], [938, 27, 3.72], [939, 10, 0.388], [940, 11, 0.692], [941, 18, 1.416], [942, 22, 4.228], [943, 26, 4.222], [944, 22, 3.622], [945, 25, 2.722], [946, 22, 3.252], [947, 26, 3.83], [948, 24, 5.754], [949, 24, 4.69], [950, 27, 3.67], [951, 23, 1.606], [952, 23, 3.776], [953, 36, 7.024], [954, 27, 4.014], [955, 18, 2.628], [956, 25, 1.85], [957, 19, 2.924], [958, 19, 2.38], [959, 19, 2.246], [960, 18, 1.682], [961, 18, 1.708], [962, 23, 3.904], [963, 29, 5.108], [964, 27, 6.328], [965, 25, 5.534], [966, 18, 3.054], [967, 15, 1.706], [968, 14, 2.092], [969, 15, 1.854], [970, 17, 2.592], [971, 18, 2.912], [972, 25, 3.224], [973, 38, 10.308], [974, 23, 5.774], [975, 24, 2.082], [976, 37, 6.398], [977, 32, 7.026], [978, 33, 9.29], [979, 32, 10.216], [980, 34, 5.784], [981, 36, 10.224], [982, 33, 8.4], [983, 36, 11.31], [984, 38, 8.216], [985, 30, 7.084], [986, 31, 4.478], [987, 34, 9.258], [988, 35, 6.45], [989, 35, 3.292], [990, 33, 10.898], [991, 30, 5.888], [992, 26, 4.954], [993, 21, 3.034], [994, 21, 2.526], [995, 21, 4.476], [996, 25, 3.47], [997, 28, 3.784], [998, 20, 5.084], [999, 21, 3.676], [1000, 22, 4.888], [1001, 20, 5.304], [1002, 20, 3.364], [1003, 20, 2.744], [1004, 21, 2.612], [1005, 20, 4.088], [1006, 18, 2.73], [1007, 24, 3.09], [1008, 21, 4.434], [1009, 23, 3.634], [1010, 16, 1.924], [1011, 19, 1.364], [1012, 14, 1.508], [1013, 11, 1.32], [1014, 15, 1.62], [1015, 19, 2.272], [1016, 25, 2.574], [1017, 19, 3.278], [1018, 19, 2.196], [1019, 22, 1.486], [1020, 17, 2.356], [1021, 26, 1.87], [1022, 19, 3.066], [1023, 14, 2.096], [1024, 33, 6.878], [1025, 37, 6.85], [1026, 34, 5.94], [1027, 23, 3.554], [1028, 28, 3.104], [1029, 21, 5.598], [1030, 18, 2.89], [1031, 20, 2.842], [1032, 25, 4.478], [1033, 25, 6.11], [1034, 26, 5.864], [1035, 30, 7.38], [1036, 32, 7.898], [1037, 36, 7.794], [1038, 33, 7.364], [1039, 34, 5.144], [1040, 36, 6.818], [1041, 36, 8.446], [1042, 33, 7.024], [1043, 34, 6.85], [1044, 30, 5.124], [1045, 17, 1.49], [1046, 25, 2.092], [1047, 24, 4.066], [1048, 23, 5.816], [1049, 23, 4.46], [1050, 21, 4.214]]}