{"Generation": 107, "AT Best Score": 6, "AT Best Fitness": 21516.41364510178, "Best Score": 4, "Mean Score": 0.22, "Time": 1193.120964050293, "Alive": 0, "Mean Fitness": 324.18284976470517, "Start Time": 1706956819.2720563, "History": [[1, 2, 0.114], [2, 2, 0.128], [3, 2, 0.164], [4, 1, 0.05], [5, 2, 0.046], [6, 2, 0.054], [7, 1, 0.044], [8, 2, 0.064], [9, 2, 0.074], [10, 2, 0.086], [11, 2, 0.066], [12, 2, 0.074], [13, 1, 0.054], [14, 2, 0.116], [15, 2, 0.11], [16, 2, 0.104], [17, 2, 0.076], [18, 3, 0.1], [19, 2, 0.092], [20, 2, 0.13], [21, 2, 0.098], [22, 2, 0.088], [23, 3, 0.122], [24, 3, 0.094], [25, 2, 0.088], [26, 2, 0.146], [27, 2, 0.126], [28, 3, 0.074], [29, 3, 0.126], [30, 2, 0.116], [31, 2, 0.102], [32, 2, 0.132], [33, 3, 0.162], [34, 3, 0.234], [35, 3, 0.238], [36, 3, 0.244], [37, 2, 0.148], [38, 2, 0.166], [39, 2, 0.14], [40, 2, 0.134], [41, 2, 0.112], [42, 2, 0.082], [43, 3, 0.112], [44, 2, 0.136], [45, 3, 0.17], [46, 3, 0.152], [47, 5, 0.148], [48, 3, 0.208], [49, 3, 0.174], [50, 3, 0.216], [51, 3, 0.198], [52, 2, 0.142], [53, 2, 0.126], [54, 2, 0.134], [55, 3, 0.158], [56, 3, 0.166], [57, 3, 0.176], [58, 3, 0.208], [59, 2, 0.204], [60, 3, 0.208], [61, 2, 0.178], [62, 2, 0.186], [63, 3, 0.22], [64, 3, 0.232], [65, 3, 0.27], [66, 4, 0.326], [67, 4, 0.222], [68, 3, 0.19], [69, 6, 0.288], [70, 3, 0.254], [71, 3, 0.328], [72, 4, 0.344], [73, 3, 0.262], [74, 3, 0.222], [75, 3, 0.268], [76, 3, 0.304], [77, 3, 0.228], [78, 3, 0.296], [79, 3, 0.258], [80, 3, 0.302], [81, 4, 0.314], [82, 3, 0.308], [83, 3, 0.23], [84, 4, 0.368], [85, 3, 0.32], [86, 3, 0.354], [87, 5, 0.322], [88, 4, 0.284], [89, 4, 0.286], [90, 3, 0.292], [91, 3, 0.282], [92, 3, 0.26], [93, 6, 0.274], [94, 3, 0.27], [95, 4, 0.266], [96, 3, 0.316], [97, 3, 0.296], [98, 4, 0.298], [99, 2, 0.248], [100, 3, 0.214], [101, 3, 0.22], [102, 3, 0.218], [103, 3, 0.228], [104, 3, 0.212], [105, 3, 0.19], [106, 3, 0.22], [107, 4, 0.22]]}